item,dbpedia_class
Lorenzo Thomas,Person
Lorenzo Thomas,Agent
Lorenzo Thomas,MilitaryPerson
Artaxerxes II,
Connecticut,Place
Connecticut,Location
Connecticut,AdministrativeRegion
Connecticut,PopulatedPlace
Connecticut,Region
Libyan Civil War,
Krugersdorp,Place
Krugersdorp,Location
Krugersdorp,City
Krugersdorp,PopulatedPlace
Krugersdorp,Settlement
Sister city,
Kurung Kumey district,Settlement
Uganda Martyrs,Band
American Academy of Arts and Letters,Organisation
Guggenheim Fellowship,
Henry I of England,Person
Henry I of England,Agent
Henry I of England,Royalty
Kirkus Reviews,Magazine
Kirkus Reviews,PeriodicalLiterature
Kirkus Reviews,Work
Kirkus Reviews,WrittenWork
French language,Language
Data Definition Language,
TAFE,
North Jersey Coast Line,Place
North Jersey Coast Line,Location
North Jersey Coast Line,ArchitecturalStructure
North Jersey Coast Line,Infrastructure
North Jersey Coast Line,Organisation
North Jersey Coast Line,RailwayLine
North Jersey Coast Line,RouteOfTransportation
Scholastic Corporation,Company
Scholastic Corporation,Publisher
Scholastic Corporation,Agent
Scholastic Corporation,Organisation
Heroes of the Lance,
FXFL Blacktips,Agent
FXFL Blacktips,Organisation
FXFL Blacktips,SportsTeam
Mahdi,
Sayaka Kanda,Person
Sayaka Kanda,Actor
Sayaka Kanda,Agent
Sayaka Kanda,Artist
Diocletian,Person
Diocletian,Agent
Diocletian,Royalty
Gadi Eizenkot,Person
Gadi Eizenkot,Agent
Gadi Eizenkot,MilitaryPerson
Shahid Beheshti University,Agent
Shahid Beheshti University,EducationalInstitution
Shahid Beheshti University,Organisation
Shahid Beheshti University,University
Ceibwr Bay,AnatomicalStructure
Stuttgart,Place
Stuttgart,Location
Stuttgart,PopulatedPlace
Stuttgart,Settlement
Stuttgart,Town
Jesse Thorn,Person
Jesse Thorn,Agent
Jesse Thorn,Presenter
Jesse Thorn,RadioHost
Roman Catholic Archdiocese of Newark,Place
Roman Catholic Archdiocese of Newark,Location
Roman Catholic Archdiocese of Newark,AdministrativeRegion
Roman Catholic Archdiocese of Newark,ClericalAdministrativeRegion
Roman Catholic Archdiocese of Newark,Diocese
Roman Catholic Archdiocese of Newark,PopulatedPlace
Roman Catholic Archdiocese of Newark,Region
Standing Rock Indian Reservation,Person
Standing Rock Indian Reservation,Place
Standing Rock Indian Reservation,Location
Standing Rock Indian Reservation,PopulatedPlace
Standing Rock Indian Reservation,Settlement
Orff,
Brigadier General,
Karlsruhe Institute of Technology,Agent
Karlsruhe Institute of Technology,EducationalInstitution
Karlsruhe Institute of Technology,Organisation
Karlsruhe Institute of Technology,University
Blue Peter,TelevisionShow
Blue Peter,Work
Japanese occupation of Beijing,
Alps,Place
Alps,Location
Alps,MountainRange
Alps,NaturalPlace
Malecon 2000,
W53,
United States,Person
United States,Place
United States,Location
United States,Country
United States,PopulatedPlace
Gloucester,Place
Gloucester,Location
Gloucester,City
Gloucester,PopulatedPlace
Gloucester,Settlement
Tigris,Person
Tigris,Place
Tigris,Location
Tigris,BodyOfWater
Tigris,NaturalPlace
Tigris,River
Tigris,Stream
Silchester,Place
Silchester,Location
Silchester,PopulatedPlace
Silchester,Settlement
Silchester,Village
Aloysius Lilius,Person
Aloysius Lilius,Agent
Aloysius Lilius,Scientist
1963 Chicago Bears season,FootballLeagueSeason
1963 Chicago Bears season,NationalFootballLeagueSeason
1963 Chicago Bears season,SportsSeason
1963 Chicago Bears season,SportsTeamSeason
Seed,Plant
Deep Purple,Agent
Deep Purple,Band
Deep Purple,Group
Deep Purple,Organisation
Dinnet,Village
Ragnall mac Torcaill,Person
Ragnall mac Torcaill,Agent
Ragnall mac Torcaill,Monarch
Manitoba,Settlement
Sesame Street,TelevisionShow
Sesame Street,Work
Palestinian people,
Kraken,FictionalCharacter
Cheap Trick,Agent
Cheap Trick,Band
Cheap Trick,Group
Cheap Trick,Organisation
Yezupil,Place
Yezupil,Location
Yezupil,PopulatedPlace
Yezupil,Settlement
Yezupil,Town
Brooklyn Dodgers,
Flying in a Blue Dream,Album
Flying in a Blue Dream,MusicalWork
Flying in a Blue Dream,Work
Linlithgow Rose F.C.,Agent
Linlithgow Rose F.C.,Organisation
Linlithgow Rose F.C.,SoccerClub
Linlithgow Rose F.C.,SportsTeam
House of Representatives of the United States,
Protestant Reformation,
Rosemarie Trockel,Person
Rosemarie Trockel,Agent
Rosemarie Trockel,Artist
Gilgel Gibe II Power Station,Place
Gilgel Gibe II Power Station,Location
Gilgel Gibe II Power Station,ArchitecturalStructure
Gilgel Gibe II Power Station,Infrastructure
Gilgel Gibe II Power Station,PowerStation
Gilgel Gibe II Power Station,Station
S. H. Ervin Gallery,University
Panama,Place
Panama,Location
Panama,Country
Panama,MusicalArtist
Panama,PopulatedPlace
Flashman at the Charge,Book
Flashman at the Charge,Work
Flashman at the Charge,WrittenWork
University of Malaya,Agent
University of Malaya,EducationalInstitution
University of Malaya,Organisation
University of Malaya,University
Kingdom of Galicia and Lodomeria,Place
Kingdom of Galicia and Lodomeria,Location
Kingdom of Galicia and Lodomeria,Country
Kingdom of Galicia and Lodomeria,PopulatedPlace
Length overall,Album
Gene Autry,Person
Gene Autry,Agent
Gene Autry,Artist
Gene Autry,MusicalArtist
FIFA World Player of the Year,Award
Scania,Place
Scania,Location
Scania,PopulatedPlace
Scania,Settlement
Little House on the Prairie,TelevisionShow
West Riding of Yorkshire,Settlement
FOX,
Danish language,Language
List of United Kingdom MPs with the shortest service,
Tizi Ouzou Province,Place
Tizi Ouzou Province,Location
Tizi Ouzou Province,PopulatedPlace
Tizi Ouzou Province,Settlement
Newport Pagnell,Place
Newport Pagnell,Location
Newport Pagnell,PopulatedPlace
Newport Pagnell,Settlement
Dokken,Agent
Dokken,Band
Dokken,Group
Dokken,Organisation
New Meadow,Place
New Meadow,Location
New Meadow,ArchitecturalStructure
New Meadow,SportFacility
New Meadow,Venue
Orange and Alexandria Railroad,PublicTransitSystem
Otay Mesa,
Akbar,Person
Akbar,Agent
Akbar,Royalty
Compaq Concerto,Device
Compaq Concerto,InformationAppliance
Communist Romania,
Palestinian State,
Haganah,Agent
Haganah,MilitaryUnit
Haganah,Organisation
Deng Xiaoping,Person
Deng Xiaoping,Agent
Deng Xiaoping,OfficeHolder
Pennsylvania State University,Agent
Pennsylvania State University,EducationalInstitution
Pennsylvania State University,Organisation
Pennsylvania State University,University
Dane-zaa,EthnicGroup
Dane-zaa,Event
Swiss people,EthnicGroup
ISU Challenger Series,TelevisionShow
Dimitrov Constitution,Country
Stalag Luft I,Place
Stalag Luft I,Location
Stalag Luft I,ArchitecturalStructure
Stalag Luft I,MilitaryStructure
Frontal bone,AnatomicalStructure
Frontal bone,Bone
Bill Clinton,Person
Bill Clinton,Agent
Bill Clinton,Politician
Bill Clinton,President
Amanita gemmata,Eukaryote
Amanita gemmata,Fungus
Amanita gemmata,Species
Giovanni Artusi,Person
Bobriki,
William III of England,Person
William III of England,Agent
William III of England,Royalty
United States Pacific Fleet,Agent
United States Pacific Fleet,MilitaryUnit
United States Pacific Fleet,Organisation
Marc Mitscher,Person
Marc Mitscher,Agent
Marc Mitscher,MilitaryPerson
Cheshire County League,SportsLeague
Vereeniging,Place
Vereeniging,Location
Vereeniging,City
Vereeniging,PopulatedPlace
Vereeniging,Settlement
Channel Islands,Place
Channel Islands,Location
Channel Islands,Island
Channel Islands,PopulatedPlace
Hunedoara County,AdministrativeRegion
Dave Newsham,Person
Dave Newsham,Agent
Dave Newsham,Athlete
Dave Newsham,MotorsportRacer
Dave Newsham,RacingDriver
Herzliya,Place
Herzliya,Location
Herzliya,City
Herzliya,PopulatedPlace
Herzliya,Settlement
1979 Southeast Asian Games,Event
1979 Southeast Asian Games,SocietalEvent
1979 Southeast Asian Games,SportsEvent
Sean Garrett,Person
Sean Garrett,Agent
Sean Garrett,Artist
Sean Garrett,MusicalArtist
Rocky Nelson,Person
Rocky Nelson,Agent
Rocky Nelson,Athlete
Rocky Nelson,BaseballPlayer
Historic districts in the United States,Band
Celebrity Extra,TelevisionShow
Celebrity Extra,Work
Georgia General Assembly,Agent
Georgia General Assembly,Legislature
Georgia General Assembly,Organisation
Ma Yongfeng,Person
Ma Yongfeng,Agent
Ma Yongfeng,Athlete
Skoda Xanthi,
United States armed forces,
Navajo people,
NOS Audiovisuais,Company
NOS Audiovisuais,Agent
NOS Audiovisuais,Organisation
NOS Audiovisuais,SoccerPlayer
Ryuku Islands,
House Industries,Company
House Industries,Agent
House Industries,Organisation
Tito Santana,Person
Tito Santana,Agent
Tito Santana,Athlete
Tito Santana,Wrestler
Charles H. Fernald,Person
Charles H. Fernald,Agent
Charles H. Fernald,Scientist
Christian Charles Josias von Bunsen,Person
Christian Charles Josias von Bunsen,Agent
Christian Charles Josias von Bunsen,OfficeHolder
Johann Wolfgang von Goethe,Person
Johann Wolfgang von Goethe,Agent
Johann Wolfgang von Goethe,Writer
Thomas Edison,Person
Thomas Edison,Agent
Palais Bourbon,Building
Narcotics Anonymous,Agent
Narcotics Anonymous,Organisation
Sleman,Settlement
Institute for Theoretical and Experimental Physics,Agent
Institute for Theoretical and Experimental Physics,Organisation
Query by Example,Language
Vukovar,Place
Vukovar,Location
Vukovar,City
Vukovar,PopulatedPlace
Vukovar,Settlement
Balenciaga,Company
Balenciaga,Agent
Balenciaga,Building
Balenciaga,Organisation
Metz,Place
Metz,Location
Metz,City
Metz,PopulatedPlace
Metz,Settlement
RNZAF Base Woodbourne,Place
RNZAF Base Woodbourne,Location
RNZAF Base Woodbourne,Airport
RNZAF Base Woodbourne,ArchitecturalStructure
RNZAF Base Woodbourne,Infrastructure
Social equality,PopulatedPlace
Western Approaches,
Palau Islands campaign,
Web.com Tour,WomensTennisAssociationTournament
European Amateur,Event
European Amateur,GolfTournament
European Amateur,SocietalEvent
European Amateur,SportsEvent
European Amateur,Tournament
United States Air Force,Agent
United States Air Force,MilitaryUnit
United States Air Force,Organisation
Popteen,Magazine
Popteen,PeriodicalLiterature
Popteen,Work
Popteen,WrittenWork
Charles Babbage,Person
Charles Babbage,Agent
Charles Babbage,Scientist
Nadars,
Moravia,Place
Moravia,Location
Moravia,MusicalArtist
Moravia,PopulatedPlace
Moravia,Settlement
Deutschlandfunk,Agent
Deutschlandfunk,Broadcaster
Deutschlandfunk,Organisation
Deutschlandfunk,RadioStation
Deutschlandfunk,Station
Elpidio Quirino,Person
Elpidio Quirino,Agent
Elpidio Quirino,OfficeHolder
Indianapolis Motor Speedway,Place
Indianapolis Motor Speedway,Location
Indianapolis Motor Speedway,ArchitecturalStructure
Indianapolis Motor Speedway,Building
Book of Daniel,Book
Jabo Ibehre,Person
Jabo Ibehre,Agent
Jabo Ibehre,Athlete
Jabo Ibehre,SoccerPlayer
SEE-UPTU,Book
Jack McDevitt,Person
Jack McDevitt,Agent
Jack McDevitt,Writer
Lynda Stoner,Person
Lynda Stoner,Agent
Arthur Hartshorne,Person
Arthur Hartshorne,Agent
Arthur Hartshorne,Athlete
Arthur Hartshorne,SoccerPlayer
Spanish Civil War,Event
Spanish Civil War,MilitaryConflict
Spanish Civil War,SocietalEvent
Star Hotshots,SportsTeam
Osaka,Place
Osaka,Location
Osaka,City
Osaka,PopulatedPlace
Osaka,Settlement
Hyperbolic space,
Legion of Merit,Award
Nir Klinger,Person
Nir Klinger,Agent
Nir Klinger,SoccerManager
Nir Klinger,SoccerPlayer
Nir Klinger,SportsManager
Moudud Ahmed,Person
Moudud Ahmed,Agent
Moudud Ahmed,OfficeHolder
Nevada Wolf Pack football,
The Times,Newspaper
The Times,PeriodicalLiterature
The Times,Work
The Times,WrittenWork
Jonathan Miller,Person
Jonathan Miller,Agent
Janko Bobetko,Person
Janko Bobetko,Agent
Janko Bobetko,MilitaryPerson
Early Triassic,
Treaty of Lisbon,Organisation
Katy Perry,Person
Katy Perry,Agent
Katy Perry,MusicalArtist
Operation Barbarossa,Event
Operation Barbarossa,MilitaryConflict
Operation Barbarossa,SocietalEvent
Oklahoma,Place
Oklahoma,Location
Oklahoma,AdministrativeRegion
Oklahoma,PopulatedPlace
Oklahoma,Region
Belgium,Place
Belgium,Location
Belgium,Country
Belgium,PopulatedPlace
Bedivere,Person
Bob Perciasepe,Person
Bob Perciasepe,Agent
Bob Perciasepe,OfficeHolder
Popular Science,Magazine
Popular Science,PeriodicalLiterature
Popular Science,Work
Popular Science,WrittenWork
Moldova State University,Agent
Moldova State University,EducationalInstitution
Moldova State University,Organisation
Moldova State University,University
Julie Benz,Person
Julie Benz,Agent
Impressionism,Organisation
Lanping Bai and Pumi Autonomous County,Place
Lanping Bai and Pumi Autonomous County,Location
Lanping Bai and Pumi Autonomous County,PopulatedPlace
Lanping Bai and Pumi Autonomous County,Settlement
Resistance movement,Organisation
Undersheriff,Building
Phil Spector,Person
Phil Spector,Agent
Phil Spector,Artist
Phil Spector,MusicalArtist
Fly to the Sky,Agent
Fly to the Sky,Band
Fly to the Sky,Group
Fly to the Sky,Organisation
Tuen Mun District,Place
Tuen Mun District,Location
Tuen Mun District,PopulatedPlace
Tuen Mun District,Settlement
Habsburg Monarchy,Place
Habsburg Monarchy,Location
Habsburg Monarchy,Country
Habsburg Monarchy,PopulatedPlace
Habsburg Monarchy,WineRegion
Courtenay Boyle,Person
Courtenay Boyle,Agent
Courtenay Boyle,MilitaryPerson
Laszlo Halasz,Person
General Atomics MQ-1 Predator,Aircraft
General Atomics MQ-1 Predator,MeanOfTransportation
Danson Tang,Person
Danson Tang,Actor
Danson Tang,Agent
Danson Tang,Artist
2012 FIA WTCC Race of Brazil,
Hurricane Katrina,Single
St Johnstone F.C.,Agent
St Johnstone F.C.,Organisation
St Johnstone F.C.,SoccerClub
St Johnstone F.C.,SportsTeam
Atlanta,Place
Atlanta,Location
Atlanta,City
Atlanta,PopulatedPlace
Atlanta,Settlement
Eliel Saarinen,Person
Eliel Saarinen,Agent
Eliel Saarinen,Architect
Israel,Place
Israel,Location
Israel,Country
Israel,PopulatedPlace
Formosa Province,Place
Formosa Province,Location
Formosa Province,PopulatedPlace
Formosa Province,Settlement
Sneyd Park,Place
Sneyd Park,Location
Sneyd Park,PopulatedPlace
Sneyd Park,Settlement
Record Mirror,Magazine
Record Mirror,Newspaper
Record Mirror,PeriodicalLiterature
Record Mirror,Work
Record Mirror,WrittenWork
Astyages,Person
Astyages,Agent
Astyages,Monarch
Pennsylvania Route 263,Place
Pennsylvania Route 263,Location
Pennsylvania Route 263,ArchitecturalStructure
Pennsylvania Route 263,Infrastructure
Pennsylvania Route 263,Road
Pennsylvania Route 263,RouteOfTransportation
Dwight Eisenhower,
Muhammad al-Fazari,
Dorothy Okello,Person
Bhagalpur,Place
Bhagalpur,Location
Bhagalpur,City
Bhagalpur,PopulatedPlace
Bhagalpur,Settlement
Republic of Fiji Military Forces,Agent
Republic of Fiji Military Forces,MilitaryUnit
Republic of Fiji Military Forces,Organisation
Gareth Armstrong,Person
Gareth Armstrong,Agent
Laker Airways,Company
Laker Airways,Agent
Laker Airways,Airline
Laker Airways,Organisation
Bananarama,Agent
Bananarama,Band
Bananarama,Group
Bananarama,Organisation
Congressional LGBT Equality Caucus,
Christopher Soghoian,Person
Christopher Soghoian,Agent
Waianakarua,
Minor Prophets,
Orkney,Place
Orkney,Location
Orkney,Island
Orkney,PopulatedPlace
Gaspare Spontini,Person
Hudson Valley,Place
Hudson Valley,Location
Hudson Valley,AdministrativeRegion
Hudson Valley,PopulatedPlace
Hudson Valley,Region
Mediterranean Sea,Place
Mediterranean Sea,Location
Mediterranean Sea,BodyOfWater
Mediterranean Sea,NaturalPlace
Mediterranean Sea,Sea
Arthur Miller,Person
Arthur Miller,Agent
Arthur Miller,Writer
Gloria Lasso,Person
Gloria Lasso,MusicalArtist
Internal Revenue Service,Agent
Internal Revenue Service,GovernmentAgency
Internal Revenue Service,Organisation
Civil parishes in England,Place
Jim Porter,Person
Jim Porter,Agent
Jim Porter,Athlete
Jim Porter,RugbyPlayer
Jim Porter,SoccerPlayer
Christopher Lee,Person
Christopher Lee,Agent
3/25,
Edward I of England,Person
Edward I of England,Agent
Edward I of England,Royalty
Danish West Indies,Place
Danish West Indies,Location
Danish West Indies,Country
Danish West Indies,PopulatedPlace
Ibaraki Prefecture,Place
Ibaraki Prefecture,Location
Ibaraki Prefecture,AdministrativeRegion
Ibaraki Prefecture,PopulatedPlace
Ibaraki Prefecture,Region
Ryazan Oblast,Place
Ryazan Oblast,Location
Ryazan Oblast,AdministrativeRegion
Ryazan Oblast,PopulatedPlace
Ryazan Oblast,Region
Cardinal Newman College,School
Cardinal Newman College,Agent
Cardinal Newman College,EducationalInstitution
Cardinal Newman College,Organisation
Cardinal Newman College,University
Asian Development Bank,Agent
Asian Development Bank,Bank
Asian Development Bank,Organisation
Caltech,
Auckland,Place
Auckland,Location
Auckland,City
Auckland,PopulatedPlace
Auckland,Settlement
KK Kvarner 2010,Agent
KK Kvarner 2010,BasketballTeam
KK Kvarner 2010,Organisation
KK Kvarner 2010,SoccerClub
KK Kvarner 2010,SportsTeam
RNA,ChemicalCompound
Victor Hugo,Person
Victor Hugo,Agent
Victor Hugo,Writer
VfB Stuttgart,Agent
VfB Stuttgart,Organisation
VfB Stuttgart,SoccerClub
VfB Stuttgart,SportsTeam
Mining Engineering,
Essex,Place
Essex,Location
Essex,AdministrativeRegion
Essex,PopulatedPlace
Essex,Region
Formula Three,RacingDriver
Speaker of the New York State Assembly,
Doug Grean,Person
Doug Grean,Agent
Doug Grean,Artist
Doug Grean,MusicalArtist
John Franklin,Person
John Franklin,Agent
John Franklin,OfficeHolder
Arthur Bliss,Person
Noam Chomsky,Person
Noam Chomsky,Agent
Noam Chomsky,Scientist
Brit Awards,Company
Brit Awards,Award
Swedish Antarctic Expedition,
Hans Mommsen,Person
Hans Mommsen,Agent
Dorian Le Gallienne,Person
UNSW School of Medical Sciences,
Chicago,Place
Chicago,Location
Chicago,City
Chicago,PopulatedPlace
Chicago,Settlement
Al Snow,Person
Al Snow,Agent
Al Snow,Athlete
Al Snow,Wrestler
Medieval,
Darlington F.C.,Agent
Darlington F.C.,Organisation
Darlington F.C.,SoccerClub
Darlington F.C.,SportsTeam
Swedish Figure Skating Championships,Person
Nuragic holy well,Building
Wayne State University School of Medicine,Agent
Wayne State University School of Medicine,EducationalInstitution
Wayne State University School of Medicine,Organisation
Wayne State University School of Medicine,University
M. T. Vasudevan Nair,Person
M. T. Vasudevan Nair,Agent
M. T. Vasudevan Nair,Writer
World Literature Today,Magazine
World Literature Today,PeriodicalLiterature
World Literature Today,Work
World Literature Today,WrittenWork
Aga Khan III,Person
Aga Khan III,Agent
Aga Khan III,Religious
Sicherheitsdienst,Agent
Sicherheitsdienst,GovernmentAgency
Sicherheitsdienst,Organisation
National Diet,Company
National Diet,Agent
National Diet,Legislature
National Diet,Organisation
United Nations Congress on Crime Prevention and Criminal Justice,
Calgary Stampeders,Agent
Calgary Stampeders,CanadianFootballTeam
Calgary Stampeders,Organisation
Calgary Stampeders,SportsTeam
Mexico,Person
Mexico,Place
Mexico,Location
Mexico,Country
Mexico,PopulatedPlace
The Thirty-Nine Steps,Book
The Thirty-Nine Steps,Work
The Thirty-Nine Steps,WrittenWork
Barbara Leigh Hunt,
Samarang,
Western Ghats,Place
Western Ghats,Location
Western Ghats,MountainRange
Western Ghats,NaturalPlace
The NewsHour with Jim Lehrer,
Romano-British culture,Magazine
Haaren High School,School
Percy Goodman,Person
Percy Goodman,Cricketer
Black pepper,Eukaryote
Black pepper,Plant
Black pepper,Species
Praetorian Guard,MilitaryUnit
Hacienda,Food
Academy Award for Best Cinematography,Award
National Park Service,Agent
National Park Service,GovernmentAgency
National Park Service,Organisation
French Mandate of Syria,
Aquidneck Island,Place
Aquidneck Island,Location
Aquidneck Island,Island
Aquidneck Island,PopulatedPlace
Kurt Schrader,Person
Kurt Schrader,Agent
Kurt Schrader,OfficeHolder
C.F. Universidad de Chile,
Martin Van Buren,Person
Martin Van Buren,Agent
Martin Van Buren,OfficeHolder
David Livingstone,Person
David Livingstone,Agent
Natal Government Railways,
Captain,
Lance Stroll,Person
Lance Stroll,Agent
Lance Stroll,Athlete
Lance Stroll,MotorsportRacer
Lance Stroll,RacingDriver
The Fabulous Sports Babe,Person
The Fabulous Sports Babe,FictionalCharacter
Chester Herald,Person
Admiralty,Organisation
David VI of Georgia,Person
David VI of Georgia,Agent
David VI of Georgia,Royalty
Hungarian Rhapsody No. 2,
Bachelor of Arts,University
Young Buck,Person
Young Buck,Agent
Young Buck,Artist
Young Buck,MusicalArtist
Lydia Shire,Person
Austrian states,
Interstate 75 in Ohio,Place
Interstate 75 in Ohio,Location
Interstate 75 in Ohio,ArchitecturalStructure
Interstate 75 in Ohio,Infrastructure
Interstate 75 in Ohio,Road
Interstate 75 in Ohio,RouteOfTransportation
Nevio Orlandi,Person
Nevio Orlandi,Agent
Nevio Orlandi,SoccerManager
Nevio Orlandi,SportsManager
Stan Getz,Person
Stan Getz,Agent
Stan Getz,Artist
Stan Getz,MusicalArtist
The Miz,Person
The Miz,Agent
The Miz,Athlete
The Miz,Wrestler
Upper Canada,Place
Upper Canada,Location
Upper Canada,Country
Upper Canada,PopulatedPlace
Kanchanpur District,Settlement
Hauptschule,School
Patricia Wiltshire,Person
Stephen Harper,Person
Stephen Harper,Agent
Stephen Harper,OfficeHolder
Coldplay,Agent
Coldplay,Band
Coldplay,Group
Coldplay,Organisation
North Dakota,Place
North Dakota,Location
North Dakota,AdministrativeRegion
North Dakota,PopulatedPlace
North Dakota,Region
Adam Macrow,Person
Adam Macrow,Agent
Adam Macrow,Athlete
Adam Macrow,MotorsportRacer
Adam Macrow,RacingDriver
Chattanooga Southern Railway,
Roman Catholic Archdiocese of Dubuque,Place
Roman Catholic Archdiocese of Dubuque,Location
Roman Catholic Archdiocese of Dubuque,AdministrativeRegion
Roman Catholic Archdiocese of Dubuque,ClericalAdministrativeRegion
Roman Catholic Archdiocese of Dubuque,Diocese
Roman Catholic Archdiocese of Dubuque,PopulatedPlace
Roman Catholic Archdiocese of Dubuque,Region
Fox Broadcasting Company,Agent
Fox Broadcasting Company,BroadcastNetwork
Fox Broadcasting Company,Broadcaster
Fox Broadcasting Company,Organisation
Canada,Place
Canada,Location
Canada,Country
Canada,MusicalArtist
Canada,PopulatedPlace
2004 ICC Champions Trophy,
National Collegiate Athletic Association,Agent
National Collegiate Athletic Association,Organisation
Mazda RX-7,Automobile
Mazda RX-7,MeanOfTransportation
Christoph Willibald Gluck,Person
Philippine government,
Indian gauge,
Morocco,Place
Morocco,Location
Morocco,Country
Morocco,MusicalArtist
Morocco,PopulatedPlace
Bell AH-1 SuperCobra,Aircraft
Bell AH-1 SuperCobra,MeanOfTransportation
Anatoliy Hrytsenko,Person
Anatoliy Hrytsenko,Agent
Anatoliy Hrytsenko,Politician
El Seibo Province,Place
El Seibo Province,Location
El Seibo Province,AdministrativeRegion
El Seibo Province,PopulatedPlace
El Seibo Province,Region
El Seibo Province,Settlement
Utrechtboog,
Flintshire,Place
Flintshire,Location
Flintshire,PopulatedPlace
Flintshire,Settlement
Harry H. Corbett,Person
Harry H. Corbett,Agent
Harry H. Corbett,Mountain
Eastern Europe,Place
Eastern Europe,Location
Eastern Europe,PopulatedPlace
Eastern Europe,Settlement
Philip Baker Hall,Person
Philip Baker Hall,Agent
Sofia Coppola,Person
Sofia Coppola,Agent
Liskeard,Place
Liskeard,Location
Liskeard,PopulatedPlace
Liskeard,Settlement
Blu-ray,Software
Dal Pescatore,Place
Dal Pescatore,Location
Dal Pescatore,ArchitecturalStructure
Dal Pescatore,Building
Dal Pescatore,Restaurant
Humphrey B. Bear,Person
Humphrey B. Bear,Agent
Humphrey B. Bear,FictionalCharacter
Humphrey B. Bear,TelevisionShow
Trophy hunting,Place
Finger snapping,Band
Dio Cassius,
Oscar Pareja,
1969 World Series,
Cincinnati Reds,Agent
Cincinnati Reds,BaseballTeam
Cincinnati Reds,Organisation
Cincinnati Reds,SportsTeam
Delaware,Place
Delaware,Location
Delaware,AdministrativeRegion
Delaware,PopulatedPlace
Delaware,Region
Joost,Software
Joost,Organisation
Joost,Work
Amursana,Person
Amursana,Agent
Haaretz,Company
Haaretz,Newspaper
Haaretz,PeriodicalLiterature
Haaretz,Work
Haaretz,WrittenWork
Gulf Coast,
Kunsthistorisches Museum,Place
Kunsthistorisches Museum,Location
Kunsthistorisches Museum,ArchitecturalStructure
Kunsthistorisches Museum,Building
Kunsthistorisches Museum,Museum
Danish Immigrant Museum,
Veterinary medicine,Organisation
Wilgelm Vitgeft,Person
Wilgelm Vitgeft,Agent
Wilgelm Vitgeft,MilitaryPerson
Free Software,
ZaMirNET,Organisation
Governor of Wisconsin,Organisation
Cleopatra Selene II,Person
Cleopatra Selene II,Agent
Cleopatra Selene II,Royalty
Netherlands,Place
Netherlands,Location
Netherlands,Country
Netherlands,PopulatedPlace
Ted Cruz,Person
Ted Cruz,Agent
Ted Cruz,OfficeHolder
National Maritime Union,Agent
National Maritime Union,Organisation
National Maritime Union,TradeUnion
Lapis lazuli,Building
Lapis lazuli,ChemicalSubstance
Lapis lazuli,Mineral
Viceroyalty of the Rio de la Plata,
Nigerian Institute of Journalism,University
Sony Music,
University of Potsdam,Agent
University of Potsdam,EducationalInstitution
University of Potsdam,Organisation
University of Potsdam,University
Daviesia,Eukaryote
Daviesia,Plant
Daviesia,Species
Srinagar Municipal Corporation,
Da Internz,Agent
Da Internz,Band
Da Internz,Group
Da Internz,Organisation
Da Internz,SportsTeam
Monica Chang,
Utrecht,Place
Utrecht,Location
Utrecht,City
Utrecht,PopulatedPlace
Utrecht,Settlement
Circuit Zolder,Single
Sheffield Wednesday F.C.,Agent
Sheffield Wednesday F.C.,Organisation
Sheffield Wednesday F.C.,SoccerClub
Sheffield Wednesday F.C.,SportsTeam
George Frideric Handel,Person
George Frideric Handel,Agent
The Lucy Show,TelevisionShow
The Lucy Show,Work
Spiritual transformation,
Physocarpus opulifolius,Eukaryote
Physocarpus opulifolius,Plant
Physocarpus opulifolius,Species
Romanians,Person
Romanians,EthnicGroup
Brunstane railway station,Place
Brunstane railway station,Location
Brunstane railway station,ArchitecturalStructure
Brunstane railway station,Infrastructure
Brunstane railway station,Station
Steynton,Place
Steynton,Location
Steynton,PopulatedPlace
Steynton,Settlement
Penn State University,
Argentina,Person
Argentina,Place
Argentina,Location
Argentina,Country
Argentina,PopulatedPlace
Leeds University,
Namibia,Place
Namibia,Location
Namibia,Country
Namibia,MusicalArtist
Namibia,PopulatedPlace
Blue note,
Gyuhap chongseo,Book
Gulu District,Place
Gulu District,Location
Gulu District,PopulatedPlace
Gulu District,Settlement
Stef Dawson,Person
Stef Dawson,Agent
Sviatoslav III of Vladimir,Person
Lisa Cholodenko,Person
Lisa Cholodenko,Agent
Donna Reed,Person
Donna Reed,Agent
Donna Reed,Film
Ra,Person
Ra,FictionalCharacter
United States Secret Service,Organisation
Yash Chopra,Person
Yash Chopra,Agent
Vietnam War,Event
Vietnam War,MilitaryConflict
Vietnam War,MilitaryPerson
Vietnam War,SocietalEvent
Academy Award for Best Original Score,Award
Premier of Northwest Territories,
No. 28 Squadron RAF,Agent
No. 28 Squadron RAF,MilitaryUnit
No. 28 Squadron RAF,Organisation
ISO 8859-1,
Unlock Democracy,Band
Association of American Universities,Agent
Association of American Universities,Organisation
Bruges City Hall,Place
Bruges City Hall,Location
Bruges City Hall,ArchitecturalStructure
Bruges City Hall,Building
Strafgesetzbuch,Film
Palaeography,Book
Document Records,Company
Document Records,Agent
Document Records,Organisation
Document Records,RecordLabel
Roman Catholicism,
Indonesia,Place
Indonesia,Location
Indonesia,Country
Indonesia,MusicalArtist
Indonesia,PopulatedPlace
Ehud Olmert,Person
Ehud Olmert,Agent
Ehud Olmert,OfficeHolder
Mudros,
Millennium Stadium,Place
Millennium Stadium,Location
Millennium Stadium,ArchitecturalStructure
Millennium Stadium,Stadium
Millennium Stadium,Venue
Supreme Headquarters Allied Expeditionary Force,Place
Supreme Headquarters Allied Expeditionary Force,Agent
Supreme Headquarters Allied Expeditionary Force,MilitaryUnit
Supreme Headquarters Allied Expeditionary Force,Organisation
Adoniram,Person
Hamito-Semitic languages,
-onym,ChemicalCompound
The Arts Fuse,Magazine
The Arts Fuse,Website
The Arts Fuse,Work
Polish government,
Weekly Young Sunday,Magazine
Weekly Young Sunday,PeriodicalLiterature
Weekly Young Sunday,Work
Weekly Young Sunday,WrittenWork
Sahir Ludhianvi,Person
Sahir Ludhianvi,Agent
Sahir Ludhianvi,Writer
Marvel Entertainment,Company
Marvel Entertainment,Agent
Marvel Entertainment,Organisation
Pittosporum undulatum,Eukaryote
Pittosporum undulatum,Plant
Pittosporum undulatum,Species
British Hockey League,Agent
British Hockey League,IceHockeyLeague
British Hockey League,Organisation
British Hockey League,SportsLeague
Wilberforce University,Agent
Wilberforce University,EducationalInstitution
Wilberforce University,Organisation
Wilberforce University,University
Hanzhong,Place
Hanzhong,Location
Hanzhong,City
Hanzhong,PopulatedPlace
Hanzhong,Settlement
Tornadoes of 2006,
Convention on Biological Diversity,Agent
Human physical appearance,
David Ferrier,Person
American Psychological Association,Agent
American Psychological Association,Organisation
Afghanistan,Place
Afghanistan,Location
Afghanistan,Country
Afghanistan,MusicalArtist
Afghanistan,PopulatedPlace
Kamui Kobayashi,Person
Kamui Kobayashi,Agent
Kamui Kobayashi,Athlete
Kamui Kobayashi,MotorsportRacer
Kamui Kobayashi,RacingDriver
Hand surgery,
Indira Gandhi,Person
Indira Gandhi,Agent
Indira Gandhi,OfficeHolder
University of Innsbruck,Agent
University of Innsbruck,EducationalInstitution
University of Innsbruck,Organisation
University of Innsbruck,University
John Tyler,Person
John Tyler,Agent
John Tyler,OfficeHolder
Dartmouth Outing Club,SoccerClub
Pinyin,
Belarus national football team,Agent
Belarus national football team,Organisation
Belarus national football team,SoccerClub
Belarus national football team,SportsTeam
Creech Grange,Place
Creech Grange,Location
Creech Grange,ArchitecturalStructure
Creech Grange,Building
1971 Wimbledon Championships,Tournament
Ronald McDonald House,
1992 NCAA Division I-A football season,Year
Joel Zwick,Person
Joel Zwick,Agent
IPC Media,
Ming dynasty,Place
Ming dynasty,Location
Ming dynasty,Country
Ming dynasty,PopulatedPlace
Iraq national football team,Agent
Iraq national football team,Organisation
Iraq national football team,SoccerClub
Iraq national football team,SportsTeam
Rod Stewart,Person
Rod Stewart,Agent
Rod Stewart,Artist
Rod Stewart,MusicalArtist
Base station subsystem,Settlement
Candice Dupree,Person
Candice Dupree,Agent
Candice Dupree,Athlete
Candice Dupree,BasketballPlayer
Indianapolis Colts,Agent
Indianapolis Colts,AmericanFootballTeam
Indianapolis Colts,Organisation
Indianapolis Colts,SportsTeam
Happy End of You,Album
Happy End of You,MusicalWork
Happy End of You,Work
Elisenda de Montcada,
Church of Anthrax,Album
Church of Anthrax,MusicalWork
Church of Anthrax,Work
Greek Cypriot,
Succession to the Crown Bill 2004,
1924 Summer Olympics,Event
1924 Summer Olympics,Olympics
1924 Summer Olympics,SocietalEvent
1924 Summer Olympics,SportsEvent
Frankfurt am Main,
Istria,Place
Beru Island,Island
Andesite,Band
General Secretary of the Communist Party of China,Person
Welsh Borderland Fault System,Settlement
Blondie Chaplin,Person
Blondie Chaplin,Agent
Blondie Chaplin,Artist
Blondie Chaplin,MusicalArtist
United States Department of Commerce,Agent
United States Department of Commerce,GovernmentAgency
United States Department of Commerce,Organisation
United States Department of Commerce,Settlement
2011 military intervention in Libya,Event
2011 military intervention in Libya,MilitaryConflict
2011 military intervention in Libya,SocietalEvent
Cedric Hardwicke,Person
Cedric Hardwicke,Agent
Loch Ness Monster,FictionalCharacter
1921 NFL season,
Edgcott,Place
Edgcott,Location
Edgcott,PopulatedPlace
Edgcott,Settlement
Edgcott,Village
Ramla,Place
Ramla,Location
Ramla,City
Ramla,PopulatedPlace
Ramla,Settlement
Christchurch,Place
Christchurch,Location
Christchurch,City
Christchurch,PopulatedPlace
Christchurch,Settlement
Tom Sayers,Person
Tom Sayers,Agent
Tom Sayers,Athlete
Tom Sayers,MartialArtist
Stan Lee,Person
Stan Lee,Agent
Stan Lee,Artist
Stan Lee,ComicsCreator
Speaker of the New Zealand House of Representatives,
Narada Michael Walden,Person
Narada Michael Walden,Agent
Narada Michael Walden,Artist
Narada Michael Walden,MusicalArtist
Urdu,Language
Urdu,Building
Pound sterling,Currency
Rankbach Railway,Place
Rankbach Railway,Location
Rankbach Railway,ArchitecturalStructure
Rankbach Railway,Infrastructure
Rankbach Railway,RailwayLine
Rankbach Railway,RouteOfTransportation
Licence Renewed,Book
Licence Renewed,Work
Licence Renewed,WrittenWork
Alabama Sports Hall of Fame,Museum
1993 Davis Cup,SoccerTournament
Blitum capitatum,Eukaryote
Blitum capitatum,Plant
Blitum capitatum,Species
Linda Ronstadt,Person
Linda Ronstadt,Agent
Linda Ronstadt,Artist
Linda Ronstadt,MusicalArtist
Kemal Monteno,Person
Kemal Monteno,Agent
Takeo Takagi,Person
Takeo Takagi,Agent
Takeo Takagi,MilitaryPerson
Fatih,Place
Fatih,Location
Fatih,PopulatedPlace
Fatih,Settlement
History of Science Society,Agent
History of Science Society,Organisation
Elementary school,School
NTR bus station,Place
NTR bus station,Location
NTR bus station,ArchitecturalStructure
NTR bus station,Infrastructure
NTR bus station,Station
Australian English,Grape
Bayesian probability,Work
Crossrail,Place
Crossrail,Location
Crossrail,ArchitecturalStructure
Crossrail,Infrastructure
Crossrail,RailwayLine
Crossrail,RouteOfTransportation
Azores,Place
Azores,Location
Azores,AdministrativeRegion
Azores,PopulatedPlace
Azores,Region
Azores,Settlement
Welbury,Place
Welbury,Location
Welbury,PopulatedPlace
Welbury,Settlement
Welbury,Village
HBOS,Company
HBOS,Agent
HBOS,Bank
HBOS,Organisation
Greece,Place
Greece,Location
Greece,Country
Greece,MusicalArtist
Greece,PopulatedPlace
The Church of Jesus Christ of Latter-day Saints,Building
Order of Saints Maurizio e Lazzaro,
Yakov Yurovsky,Person
Yakov Yurovsky,Agent
Antichrist,
Sachiko Kokubu,Person
Sachiko Kokubu,Actor
Sachiko Kokubu,Agent
Sachiko Kokubu,Artist
Europe,Place
Europe,Location
Europe,Continent
Europe,PopulatedPlace
Kerry Weaver,Person
Kerry Weaver,Agent
Kerry Weaver,FictionalCharacter
Donegall Road,Place
Donegall Road,Location
Donegall Road,ArchitecturalStructure
Donegall Road,Infrastructure
Donegall Road,Road
Donegall Road,RouteOfTransportation
North Borneo dispute,MilitaryConflict
Quantum key distribution,
Caliph,
Norwegian County Road 17,Place
Norwegian County Road 17,Location
Norwegian County Road 17,ArchitecturalStructure
Norwegian County Road 17,Infrastructure
Norwegian County Road 17,Road
Norwegian County Road 17,RouteOfTransportation
Ayamonte CF,Agent
Ayamonte CF,Organisation
Ayamonte CF,SoccerClub
Ayamonte CF,SportsTeam
Sumitomo Dainippon Pharma,Company
Sumitomo Dainippon Pharma,Agent
Sumitomo Dainippon Pharma,Organisation
Augustus Pablo,Person
Augustus Pablo,Agent
Augustus Pablo,Artist
Augustus Pablo,MusicalArtist
Nahuatl,Language
Westland Sea King,Aircraft
Westland Sea King,MeanOfTransportation
Westland Sea King,Work
Obradoiro CAB,Agent
Obradoiro CAB,BasketballTeam
Obradoiro CAB,Organisation
Obradoiro CAB,SportsTeam
Abram Ioffe,Person
Abram Ioffe,Agent
Abram Ioffe,Scientist
The Wondermints,Band
Kuliak languages,
God in Christianity,Drug
Boeing 767,Aircraft
Boeing 767,MeanOfTransportation
Conditions races,SportsEvent
Constitutio Antoniniana,
South Holland,Place
South Holland,Location
South Holland,PopulatedPlace
South Holland,Settlement
National Club Baseball Association,Organisation
Kielce,Place
Kielce,Location
Kielce,City
Kielce,PopulatedPlace
Kielce,Settlement
Orthodox Christianity in Lebanon,
Tianjin Quanjian F.C.,Agent
Tianjin Quanjian F.C.,Organisation
Tianjin Quanjian F.C.,SoccerClub
Tianjin Quanjian F.C.,SportsTeam
Dwarf Beech,Band
Dwarf Beech,CultivatedVariety
Dwarf Beech,Eukaryote
Dwarf Beech,Plant
Dwarf Beech,Species
Steven Gerrard,Person
Steven Gerrard,Agent
Steven Gerrard,Athlete
Steven Gerrard,SoccerPlayer
Khartoum,Place
Khartoum,Location
Khartoum,City
Khartoum,PopulatedPlace
Khartoum,Settlement
Johnny Gill,Person
Johnny Gill,Agent
Johnny Gill,Artist
Johnny Gill,MusicalArtist
Richard Feynman,Person
Richard Feynman,Agent
Richard Feynman,Scientist
Meharry Medical College,Person
Meharry Medical College,Agent
Meharry Medical College,EducationalInstitution
Meharry Medical College,Organisation
Meharry Medical College,University
Compact Cassette,Software
Loa River,Place
Loa River,Location
Loa River,BodyOfWater
Loa River,NaturalPlace
Loa River,River
Loa River,Stream
Wadowice,Place
Wadowice,Location
Wadowice,City
Wadowice,PopulatedPlace
Wadowice,Settlement
Osvaldo Cruz,Settlement
Kelvin scale,
Ignaz Seipel,Person
Ignaz Seipel,Agent
Ignaz Seipel,ChristianBishop
Ignaz Seipel,OfficeHolder
Neo-Futurism,
U Thant,Person
U Thant,Agent
U Thant,OfficeHolder
NBC,Agent
NBC,BroadcastNetwork
NBC,Broadcaster
NBC,Organisation
James Oviatt Building,Place
James Oviatt Building,Location
James Oviatt Building,ArchitecturalStructure
James Oviatt Building,Building
Meare,Place
Meare,Location
Meare,PopulatedPlace
Meare,Settlement
Meare,Village
Southern Baptist,
Kerry Von Erich,Person
Kerry Von Erich,Agent
Kerry Von Erich,Athlete
Kerry Von Erich,Wrestler
Priestly Blessing,Song
Pafos FC,Agent
Pafos FC,Organisation
Pafos FC,SoccerClub
Pafos FC,SportsTeam
2010 Dallas Cowboys season,FootballLeagueSeason
2010 Dallas Cowboys season,NationalFootballLeagueSeason
2010 Dallas Cowboys season,SportsSeason
2010 Dallas Cowboys season,SportsTeamSeason
Ohio Wesleyan University,Agent
Ohio Wesleyan University,EducationalInstitution
Ohio Wesleyan University,Organisation
Ohio Wesleyan University,University
Santuzza,
British Prime Minister,
SU-76,Device
SU-76,Weapon
Borough president,Building
Sibiu,Place
Sibiu,Location
Sibiu,City
Sibiu,PopulatedPlace
Sibiu,Settlement
Jhunjhunu,Place
Jhunjhunu,Location
Jhunjhunu,City
Jhunjhunu,PopulatedPlace
Jhunjhunu,Settlement
Drury Lane,Road
Shiv Sena,PoliticalParty
NAC Breda,Agent
NAC Breda,Organisation
NAC Breda,SoccerClub
NAC Breda,SportsTeam
Jo Grimond,Person
Jo Grimond,Agent
Jo Grimond,Politician
Donamon Castle,Building
Jay Livingston,Person
Jay Livingston,Agent
First Serbian Uprising,Event
First Serbian Uprising,MilitaryConflict
First Serbian Uprising,SocietalEvent
Sigma Orionis,Place
Sigma Orionis,Location
Sigma Orionis,CelestialBody
Sigma Orionis,Star
UEFA Euro 1984,Event
UEFA Euro 1984,SoccerTournament
UEFA Euro 1984,SocietalEvent
UEFA Euro 1984,SportsEvent
UEFA Euro 1984,Tournament
Croatian kuna,Currency
Facebook Messenger,Software
Facebook Messenger,Organisation
Facebook Messenger,Work
GPON,
Blue Note Records,Company
Blue Note Records,Agent
Blue Note Records,Organisation
Blue Note Records,RecordLabel
Scott McAfee,Person
Scott McAfee,Agent
International Forum for Democratic Studies,Organisation
Tetraodontiformes,Animal
Tetraodontiformes,Eukaryote
Tetraodontiformes,Fish
Tetraodontiformes,Species
Geraldine Rockefeller Dodge,Person
Geraldine Rockefeller Dodge,Agent
University of Dublin,Agent
University of Dublin,EducationalInstitution
University of Dublin,Organisation
University of Dublin,University
Jainism,EthnicGroup
FP Top 100 Global Thinkers,
Cartoon Network,Agent
Cartoon Network,Broadcaster
Cartoon Network,Organisation
Cartoon Network,TelevisionStation
Shinjuku,Place
Shinjuku,Location
Shinjuku,PopulatedPlace
Shinjuku,Settlement
Derek Bryant,Person
Derek Bryant,Boxer
James Van Allen,Person
James Van Allen,Agent
James Van Allen,Scientist
BBC Singers,Band
Bristol VRT,
Tyrians,
Communist University of the Toilers of the East,Person
Critical Zone Observatories,
Arabic,Language
Mir Osman Ali Khan,
Alastair Sim,Person
Alastair Sim,Agent
Hilo,
Berklee College of Music,Agent
Berklee College of Music,EducationalInstitution
Berklee College of Music,Organisation
Berklee College of Music,University
Cimmerians,Language
Cimmerians,EthnicGroup
Ballylongford,Place
Ballylongford,Location
Ballylongford,PopulatedPlace
Ballylongford,Settlement
Ballylongford,Village
Dubrovnik Summer Festival,SocietalEvent
Zhou dynasty,Place
Zhou dynasty,Location
Zhou dynasty,Country
Zhou dynasty,PopulatedPlace
Arts and Crafts movement,Organisation
Middlebury College,Agent
Middlebury College,EducationalInstitution
Middlebury College,Organisation
Middlebury College,University
Sahih Muslim,
Victorian restoration,
Tommy Dorsey,Person
Tommy Dorsey,Agent
Tommy Dorsey,Artist
Tommy Dorsey,MusicalArtist
Yitzhak Rabin,Person
Yitzhak Rabin,Agent
Yitzhak Rabin,Politician
Yitzhak Rabin,PrimeMinister
Somerleyton railway station,Place
Somerleyton railway station,Location
Somerleyton railway station,ArchitecturalStructure
Somerleyton railway station,Infrastructure
Somerleyton railway station,Station
PZT,
Yumplatok,
Baghdad Battery,
Hindu texts,
Sukhwinder Singh,Person
Sukhwinder Singh,Agent
Sukhwinder Singh,Artist
Sukhwinder Singh,MusicalArtist
Heage,Place
Heage,Location
Heage,PopulatedPlace
Heage,Settlement
The Endocrine Society,
Caenorhabditis elegans,Animal
Caenorhabditis elegans,Eukaryote
Caenorhabditis elegans,Species
Little Hours,TelevisionStation
U.S. House of Representatives,
Falling in Reverse,Agent
Falling in Reverse,Band
Falling in Reverse,Group
Falling in Reverse,Organisation
ERC Ingolstadt,Agent
ERC Ingolstadt,HockeyTeam
ERC Ingolstadt,Organisation
ERC Ingolstadt,SoccerClub
ERC Ingolstadt,SportsTeam
Gideon Nxumalo,Person
Romantic film,
Michelob,
Last Judgement,
Darul-uloom Nadwatul Ulama,
Johnny Mack Brown,Person
Johnny Mack Brown,Agent
Johnny Mack Brown,Athlete
Liang Shuming,Person
Liang Shuming,Agent
2012 Summer Olympics,Event
2012 Summer Olympics,Olympics
2012 Summer Olympics,SocietalEvent
2012 Summer Olympics,SportsEvent
Scheldt,Place
Scheldt,Location
Scheldt,BodyOfWater
Scheldt,NaturalPlace
Scheldt,River
Scheldt,Stream
Joseon,Place
Joseon,Location
Joseon,Country
Joseon,PopulatedPlace
Teutonic Knights,
LTTE,
Cilicia,Settlement
Funny Things Happen Down Under,Person
Funny Things Happen Down Under,Film
Funny Things Happen Down Under,Wikidata:Q11424
Funny Things Happen Down Under,Work
Far from the Madding Crowd,Book
Far from the Madding Crowd,Work
Far from the Madding Crowd,WrittenWork
U.S. Philatelic Classics Society,Agent
U.S. Philatelic Classics Society,Organisation
Dan-Air,Company
Dan-Air,Agent
Dan-Air,Airline
Dan-Air,Organisation
North 1 West,Agent
North 1 West,Organisation
North 1 West,RugbyLeague
North 1 West,SportsLeague
University of the Philippines Diliman,School
University of the Philippines Diliman,Agent
University of the Philippines Diliman,EducationalInstitution
University of the Philippines Diliman,Organisation
University of the Philippines Diliman,University
Mark Walters,Person
Mark Walters,Agent
Mark Walters,Athlete
Mark Walters,SoccerPlayer
Korea under Japanese rule,Place
Korea under Japanese rule,Location
Korea under Japanese rule,AdministrativeRegion
Korea under Japanese rule,PopulatedPlace
Korea under Japanese rule,Region
Karunagappally,
Libyan Desert,
Centers for Medicare and Medicaid Services,Agent
Centers for Medicare and Medicaid Services,GovernmentAgency
Centers for Medicare and Medicaid Services,Organisation
Latrobe Valley,Place
Latrobe Valley,Location
Latrobe Valley,AdministrativeRegion
Latrobe Valley,PopulatedPlace
Latrobe Valley,Region
Huw Warren,Person
Huw Warren,Agent
Huw Warren,Artist
Huw Warren,MusicalArtist
Oregon,Place
Oregon,Location
Oregon,AdministrativeRegion
Oregon,PopulatedPlace
Oregon,Region
Appalachian Mountains,Place
Appalachian Mountains,Location
Appalachian Mountains,MountainRange
Appalachian Mountains,NaturalPlace
RAF Harwell,Place
RAF Harwell,Location
RAF Harwell,ArchitecturalStructure
RAF Harwell,MilitaryStructure
RAF Harwell,Station
Titan Books,Company
Titan Books,Publisher
Titan Books,Agent
Titan Books,Organisation
Cronulla railway station,Place
Cronulla railway station,Location
Cronulla railway station,ArchitecturalStructure
Cronulla railway station,Infrastructure
Cronulla railway station,Station
Llangollen,Place
Llangollen,Location
Llangollen,PopulatedPlace
Llangollen,Settlement
Busan International Film Festival,Event
Busan International Film Festival,FilmFestival
Busan International Film Festival,SocietalEvent
Brooklyn Chamber of Commerce,Agent
Brooklyn Chamber of Commerce,Organisation
2015 European Games,Event
2015 European Games,SoccerTournament
2015 European Games,SocietalEvent
2015 European Games,SportsEvent
NPO Saturn,Company
NPO Saturn,Agent
NPO Saturn,Organisation
Taishang Huang,Person
Automobile,
Walmart,Company
Walmart,Agent
Walmart,Organisation
Pyongyang,Place
Pyongyang,Location
Pyongyang,City
Pyongyang,PopulatedPlace
Pyongyang,Settlement
Saundatti,Place
Saundatti,Location
Saundatti,PopulatedPlace
Saundatti,Settlement
Saundatti,Town
Canadian Forces Base Lahr,Place
Canadian Forces Base Lahr,Location
Canadian Forces Base Lahr,Airport
Canadian Forces Base Lahr,ArchitecturalStructure
Canadian Forces Base Lahr,Infrastructure
Nicolas Sarkozy,Person
Nicolas Sarkozy,Agent
Nicolas Sarkozy,OfficeHolder
Abd Al Aziz Awda,Person
Abd Al Aziz Awda,Agent
Madagascar,Place
Madagascar,Location
Madagascar,Country
Madagascar,MusicalArtist
Madagascar,PopulatedPlace
Philippine Department,Agent
Philippine Department,MilitaryUnit
Philippine Department,Organisation
Song Dynasty,
Lordosis behavior,
Warner Bros. Records,Company
Warner Bros. Records,Agent
Warner Bros. Records,Organisation
Warner Bros. Records,RecordLabel
Leiderdorp,Place
Leiderdorp,Location
Leiderdorp,PopulatedPlace
Leiderdorp,Settlement
Sonny Liston,Person
Sonny Liston,Agent
Sonny Liston,Athlete
Sonny Liston,Boxer
Portsmouth,Place
Portsmouth,Location
Portsmouth,City
Portsmouth,PopulatedPlace
Portsmouth,Settlement
Tripura,Place
Tripura,Location
Tripura,PopulatedPlace
Tripura,Settlement
Mr. Cheeks,Person
Mr. Cheeks,Agent
Mr. Cheeks,Artist
Mr. Cheeks,MusicalArtist
Little Waterhouse Island,Place
Little Waterhouse Island,Location
Little Waterhouse Island,Island
Little Waterhouse Island,PopulatedPlace
Darlington,Place
Darlington,Location
Darlington,PopulatedPlace
Darlington,Settlement
Kiowa language,Language
Randall Cunningham,Person
Randall Cunningham,Agent
Randall Cunningham,AmericanFootballPlayer
Randall Cunningham,Athlete
Randall Cunningham,GridironFootballPlayer
Niger River,Place
Niger River,Location
Niger River,BodyOfWater
Niger River,NaturalPlace
Niger River,River
Niger River,Stream
Commodore 64,Device
Commodore 64,InformationAppliance
Kengal Hanumanthaiah,
Seattle Seahawks,Agent
Seattle Seahawks,AmericanFootballTeam
Seattle Seahawks,Organisation
Seattle Seahawks,SportsTeam
Balan K Nair,
The Ed Sullivan Show,TelevisionShow
The Ed Sullivan Show,Work
Bhakkar,Place
Bhakkar,Location
Bhakkar,City
Bhakkar,PopulatedPlace
Bhakkar,Settlement
Santa Margherita Lines,Place
Santa Margherita Lines,Location
Santa Margherita Lines,ArchitecturalStructure
Santa Margherita Lines,MilitaryStructure
Josh Peck,Person
Josh Peck,Agent
Northwestern University,Agent
Northwestern University,EducationalInstitution
Northwestern University,Organisation
Northwestern University,University
Lower Matecumbe Key,Island
Formula Renault,Agent
Park Won-sook,Person
Park Won-sook,Agent
Villa Victoria,Place
Villa Victoria,Location
Villa Victoria,PopulatedPlace
Villa Victoria,Settlement
Villa Victoria,Town
Jimmy Durante,Person
Jimmy Durante,Agent
Jimmy Durante,MusicalArtist
2008 Summer Olympics,Event
2008 Summer Olympics,Olympics
2008 Summer Olympics,SocietalEvent
2008 Summer Olympics,SportsEvent
Fangatau,Place
Fangatau,Location
Fangatau,Island
Fangatau,PopulatedPlace
Erykah Badu,Person
Erykah Badu,Agent
Iran,Place
Iran,Location
Iran,Country
Iran,PopulatedPlace
The Oceanic Concerts,Album
The Oceanic Concerts,MusicalWork
The Oceanic Concerts,Work
Roberto Farinacci,Person
Roberto Farinacci,Agent
Roberto Farinacci,OfficeHolder
Gaul,Settlement
Dimitra Galani,Person
Dimitra Galani,Agent
Dimitra Galani,Artist
Dimitra Galani,MusicalArtist
Sydney Football Stadium,Place
Sydney Football Stadium,Location
Sydney Football Stadium,ArchitecturalStructure
Sydney Football Stadium,Stadium
Sydney Football Stadium,Venue
Diocese of Clermont,
Saturday-morning cartoon,
UK Independent Chart,
Yasuji Sasaki,Person
Cheung Kwok-che,Person
Cheung Kwok-che,Agent
Cheung Kwok-che,Politician
UK Albums Chart,
Unix,Software
Unix,Work
Takasindu,Place
Takasindu,Location
Takasindu,PopulatedPlace
Takasindu,Settlement
Takasindu,Village
Cavite Naval Base,
Harold Grey,Person
Ahmad Saeed Kazmi,Person
Fidenae,Settlement
Victor de Sabata,Person
Digital Mammographic Imaging Screening Trial,Book
Yoshiji Soeno,Person
Yoshiji Soeno,Agent
Yoshiji Soeno,Athlete
Yoshiji Soeno,MartialArtist
William Pearce Howland,Person
William Pearce Howland,Agent
William Pearce Howland,OfficeHolder
Rarotonga,Place
Rarotonga,Location
Rarotonga,Island
Rarotonga,PopulatedPlace
Margaret Thatcher,Person
Margaret Thatcher,Agent
Margaret Thatcher,OfficeHolder
P/2010 A2,
Order of Saint Benedict,Agent
Order of Saint Benedict,Eukaryote
Order of Saint Benedict,Organisation
Egon Schiele,Person
Egon Schiele,Agent
Egon Schiele,Artist
3000 metres,Single
Allen Academy,School
Allen Academy,Agent
Allen Academy,EducationalInstitution
Allen Academy,Organisation
Peter I of Bulgaria,Person
Peter I of Bulgaria,Agent
Peter I of Bulgaria,Monarch
Telugu language,Language
Kandyan kingdom,
Khalid Saeed Yafai,
Kawasaki Heavy Industries,Company
Kawasaki Heavy Industries,Agent
Kawasaki Heavy Industries,Organisation
CD,
1979 Ryder Cup,Person
San Pedro Creek,Place
San Pedro Creek,Location
San Pedro Creek,BodyOfWater
San Pedro Creek,NaturalPlace
San Pedro Creek,River
San Pedro Creek,Stream
Open Era,
Josh White,Person
Josh White,Agent
Josh White,Artist
Josh White,MusicalArtist
Army-Navy game,
Palestine Arab Congress,TelevisionShow
Randy Couture,Person
Randy Couture,Agent
Randy Couture,Athlete
Randy Couture,MartialArtist
Soweto,Place
Soweto,Location
Soweto,PopulatedPlace
Soweto,Settlement
Albert Gallup,Person
Veolia,Company
Veolia,Agent
Veolia,Organisation
Purgatorio,
Second World War,
Planet Mu,Company
Planet Mu,Agent
Planet Mu,Organisation
Planet Mu,RecordLabel
NAACP,
Supreme Court of Canada,Place
Bandung Conference,OfficeHolder
High-definition television,
South Fallsburg,
USATF Junior Olympics,
Hilbert space,
Administrative divisions of Ukraine,
Parliamentary Assembly of the Council of Europe,AnatomicalStructure
Canada Research Chair,
Christopher Shy,Person
Christopher Shy,Work
Ike Quartey,Person
Ike Quartey,Agent
Ike Quartey,Athlete
Ike Quartey,Boxer
Second Sudanese Civil War,Event
Second Sudanese Civil War,MilitaryConflict
Second Sudanese Civil War,SocietalEvent
Wave function collapse,
1968 Polish political crisis,
Defense Intelligence Agency,Agent
Defense Intelligence Agency,GovernmentAgency
Defense Intelligence Agency,Organisation
Saren,
Jajrood River,River
Great Belt,BodyOfWater
Sovereign default,MilitaryConflict
Canadian National Railways,
Seaboard Air Line Railway,
Acid Eaters,Album
Acid Eaters,MusicalWork
Acid Eaters,Work
Jules Verne,Person
Jules Verne,Agent
Jules Verne,Writer
Hakan Yakin,Person
Hakan Yakin,Agent
Hakan Yakin,Athlete
Hakan Yakin,SoccerPlayer
Key West,Place
Key West,Location
Key West,Island
Key West,PopulatedPlace
Saigon,
Greater Boston,Place
Greater Boston,Location
Greater Boston,PopulatedPlace
Greater Boston,Settlement
Dmitri Alenichev,Person
Dmitri Alenichev,Agent
Dmitri Alenichev,SoccerManager
Dmitri Alenichev,SportsManager
Peermusic,Company
Peermusic,Agent
Peermusic,Organisation
MIT,
London,Place
London,Location
London,PopulatedPlace
London,Settlement
Alexandre Menut,Person
Karl Popper,Person
Karl Popper,Agent
Karl Popper,Philosopher
Perth Cricket Club,SportsTeam
Octave of Easter,
Readeption of Henry VI,MilitaryConflict
Fred Hutchinson Cancer Research Center,Agent
Fred Hutchinson Cancer Research Center,Organisation
Fred Hutchinson Cancer Research Center,University
UK Singles Chart,
Norton AFB,
Lower Columbia College,Agent
Lower Columbia College,EducationalInstitution
Lower Columbia College,Organisation
Lower Columbia College,University
British subject,
924 Gilman Street,
Hunting,Company
Deputy Commissioner,
Kurdish nationalism,Organisation
2015 PDC World Darts Championship,GolfTournament
Football League First Division,Agent
Football League First Division,Organisation
Football League First Division,SoccerLeague
Football League First Division,SportsLeague
J. Dover Wilson,Person
Joseph Miville Dechene,Person
Joseph Miville Dechene,Agent
Joseph Miville Dechene,Politician
Richard Teitelbaum,Person
Ralph Truman,Person
Actinopterygii,
Helios,FictionalCharacter
Helios,MythologicalFigure
John Coltrane,Person
John Coltrane,Agent
John Coltrane,Artist
John Coltrane,MusicalArtist
Norwich City Council,Agent
Norwich City Council,Legislature
Norwich City Council,Organisation
Norwich City Council,Settlement
Nobel Peace Prize,Award
Karachi,Place
Karachi,Location
Karachi,City
Karachi,PopulatedPlace
Karachi,Settlement
Ashford Stud,
Central Europe,
WKDH,Agent
WKDH,Broadcaster
WKDH,Organisation
WKDH,TelevisionStation
KNBC,Agent
KNBC,Broadcaster
KNBC,Organisation
KNBC,Station
KNBC,TelevisionStation
Anglo-Catholic,
Ombudsman,
Sogndal Municipality,
National Blue Ribbon Schools,
Lithuania,Place
Lithuania,Location
Lithuania,Country
Lithuania,PopulatedPlace
Soul Coughing,Agent
Soul Coughing,Band
Soul Coughing,Group
Soul Coughing,Organisation
English language,Language
Paul et Virginie,Book
Assumption of the Virgin Mary,
Bible,Book
Quadratus lumborum muscle,AnatomicalStructure
Quadratus lumborum muscle,Muscle
Kem Kem Beds,MilitaryUnit
Louis XIV of France,Person
Louis XIV of France,Agent
Louis XIV of France,Royalty
Arizona Wildcats football,SportsTeam
Family Circle Tennis Center,Place
Family Circle Tennis Center,Location
Family Circle Tennis Center,ArchitecturalStructure
Family Circle Tennis Center,Building
Family Circle Tennis Center,SportFacility
Family Circle Tennis Center,Stadium
Siege of Diu,Event
Siege of Diu,MilitaryConflict
Siege of Diu,SocietalEvent
1993 AFL Grand Final,VideoGame
Rensselaer Polytechnic Institute,Agent
Rensselaer Polytechnic Institute,EducationalInstitution
Rensselaer Polytechnic Institute,Organisation
Rensselaer Polytechnic Institute,University
Marcel Breuer,Person
Marcel Breuer,Agent
Marcel Breuer,Architect
The Times of India,Newspaper
The Times of India,PeriodicalLiterature
The Times of India,Work
The Times of India,WrittenWork
Umnak Island,
Kerama Retto,
Domino Recording Company,Company
Domino Recording Company,Agent
Domino Recording Company,Organisation
Domino Recording Company,RecordLabel
Nick DeLeon,Person
Nick DeLeon,Agent
Nick DeLeon,Athlete
Nick DeLeon,SoccerPlayer
Vanuatu,Place
Vanuatu,Location
Vanuatu,Country
Vanuatu,PopulatedPlace
Linda Carter,Person
Linda Carter,Agent
Linda Carter,FictionalCharacter
Linda Carter,SoapCharacter
Russell Mael,Person
Russell Mael,Agent
Russell Mael,Artist
Russell Mael,MusicalArtist
Jane Norman,Company
Jane Norman,Agent
Jane Norman,Organisation
IT University of Copenhagen,Agent
IT University of Copenhagen,EducationalInstitution
IT University of Copenhagen,Organisation
IT University of Copenhagen,University
Gabon national football team,Agent
Gabon national football team,Organisation
Gabon national football team,SoccerClub
Gabon national football team,SportsTeam
Samuel Palmer,Person
Samuel Palmer,Agent
Samuel Palmer,Artist
Private Finance Initiative,
Radon-Nikodym derivative,
Jeremy Corbyn,Person
Jeremy Corbyn,Agent
Jeremy Corbyn,OfficeHolder
Avinger High School,School
Avinger High School,Agent
Avinger High School,EducationalInstitution
Avinger High School,Organisation
Jeff Goldblum,Person
Jeff Goldblum,Agent
John Ashcroft,Person
John Ashcroft,Agent
John Ashcroft,OfficeHolder
Dartmouth College,Agent
Dartmouth College,EducationalInstitution
Dartmouth College,Organisation
Dartmouth College,SportsLeague
Dartmouth College,University
Cheryl Strayed,Person
Cheryl Strayed,Agent
Cheryl Strayed,Writer
South Indian culture,
Aldo Group,Company
Aldo Group,Agent
Aldo Group,Organisation
United States Code,Album
United States Code,Book
United States Code,Work
United States Code,WrittenWork
Ancient Greece,Country
Station wagon,
Regierungsbezirk Marienwerder,
Scleral reinforcement surgery,AnatomicalStructure
National Review Online,
Kid Sam,Person
Kid Sam,Agent
Kid Sam,Band
Kid Sam,Group
Kid Sam,Organisation
Kurt Bevacqua,Person
Kurt Bevacqua,Agent
Kurt Bevacqua,Athlete
Kurt Bevacqua,BaseballPlayer
Cher,Person
Cher,Agent
Cher,MusicalArtist
Malaysia,Place
Malaysia,Location
Malaysia,Country
Malaysia,PopulatedPlace
Focke-Wulf Fw 44,Aircraft
Focke-Wulf Fw 44,MeanOfTransportation
VHDL-VITAL,
Parimarjan Negi,Person
Parimarjan Negi,Agent
Parimarjan Negi,Athlete
Parimarjan Negi,ChessPlayer
Constitution of Australia,Agent
Hugo Boss,Company
Hugo Boss,Agent
Hugo Boss,Organisation
United Kingdom,Place
United Kingdom,Location
United Kingdom,Country
United Kingdom,PopulatedPlace
Maurice Boitel,Person
Italy national under-18 football team,Agent
Italy national under-18 football team,Organisation
Italy national under-18 football team,SoccerClub
Italy national under-18 football team,SportsTeam
Luise Henriette of Nassau,
Tarnovgrad,
Vinayagamoorthy Muralitharan,Person
Vinayagamoorthy Muralitharan,Agent
Vinayagamoorthy Muralitharan,OfficeHolder
The King of Fighters 2003,Software
The King of Fighters 2003,VideoGame
The King of Fighters 2003,Work
Electoral districts in Sri Lanka,
Apple Inc.,Company
Apple Inc.,Agent
Apple Inc.,Organisation
Erik Eriksenstretet,BodyOfWater
Bootham School,Person
Bootham School,School
Bootham School,Agent
Bootham School,EducationalInstitution
Bootham School,Organisation
Kharian,Place
Kharian,Location
Kharian,City
Kharian,PopulatedPlace
Kharian,Settlement
Blumhouse Productions,Company
Blumhouse Productions,Agent
Blumhouse Productions,Organisation
European Theater,
Adriatic Sea,Place
Adriatic Sea,Location
Adriatic Sea,BodyOfWater
Adriatic Sea,NaturalPlace
Adriatic Sea,Organisation
Adriatic Sea,Sea
Anaximenes of Lampsacus,Person
London Underground,Agent
London Underground,Organisation
London Underground,PublicTransitSystem
Perusine War,Event
Perusine War,MilitaryConflict
Perusine War,MilitaryPerson
Perusine War,SocietalEvent
Daniel Boorstin,
Port Huron Wings,
Fox Corporation,
BvS 10,Device
BvS 10,Weapon
Multnomah County,
Taranaki,Settlement
Montgomery Ward,Company
Montgomery Ward,Agent
Montgomery Ward,Organisation
Discovery Channel,Agent
Discovery Channel,Broadcaster
Discovery Channel,Organisation
Discovery Channel,TelevisionStation
Daniel Island,Island
September 11 attacks,TelevisionShow
Cheltenham Gold Cup,Event
Cheltenham Gold Cup,HorseRace
Cheltenham Gold Cup,Race
Cheltenham Gold Cup,SocietalEvent
Cheltenham Gold Cup,SportsEvent
Lindisfarne,Place
Lindisfarne,Location
Lindisfarne,Island
Lindisfarne,PopulatedPlace
Lindisfarne,Settlement
American Society of Civil Engineers,Agent
American Society of Civil Engineers,Organisation
List of law clerks of the Supreme Court of the United States,
Edinburgh,Place
Edinburgh,Location
Edinburgh,City
Edinburgh,PopulatedPlace
Edinburgh,Settlement
Nizlopi,Agent
Nizlopi,Band
Nizlopi,Group
Nizlopi,Organisation
Phil Bull,Person
American citizen,
Chris Mosdell,Person
Chris Mosdell,Agent
Chris Mosdell,Artist
Chris Mosdell,MusicalArtist
Glasbury,Place
Glasbury,Location
Glasbury,PopulatedPlace
Glasbury,Settlement
Glasbury,Village
NYSE Euronext,Company
NYSE Euronext,Agent
NYSE Euronext,Bank
NYSE Euronext,Organisation
Hulan,
Laurent Ruquier,Person
Laurent Ruquier,Agent
Adam Gase,Person
Adam Gase,Agent
Adam Gase,AmericanFootballPlayer
Adam Gase,Athlete
Adam Gase,GridironFootballPlayer
Volley Bergamo,SportsTeam
World Computer Chess Championship,SportsEvent
Science Park Amsterdam,
John S. Hall,Person
John S. Hall,Agent
John S. Hall,Writer
Bollywood Hungama,Website
Bollywood Hungama,Work
Grossdeutschland Division,
AIDS,
Perth Stadium,Place
Perth Stadium,Location
Perth Stadium,ArchitecturalStructure
Perth Stadium,SportFacility
Perth Stadium,Stadium
1998 NBA Draft,
Australian Kangaroos,
Fech fech,ChemicalCompound
Decasia,Person
Decasia,Film
Decasia,Wikidata:Q11424
Decasia,Work
Sam Nolan,Person
NASCAR,Company
Pixar,Company
Pixar,Agent
Pixar,Organisation
Academy Award for Best Foreign Language Film,Award
Romen Theatre,
Association for the Promotion of Skiing,Organisation
European otter,Person
Aberdeen University,
West Coast of the United States,
Pskov Oblast,Place
Pskov Oblast,Location
Pskov Oblast,AdministrativeRegion
Pskov Oblast,PopulatedPlace
Pskov Oblast,Region
AFI Conservatory,School
AFI Conservatory,Agent
AFI Conservatory,EducationalInstitution
AFI Conservatory,Organisation
AFI Conservatory,University
NCAA Division I,
2009 American Music Awards,
French Antarctic Expedition,
Old Sartell Bridge,Place
Old Sartell Bridge,Location
Old Sartell Bridge,ArchitecturalStructure
Old Sartell Bridge,Bridge
Old Sartell Bridge,Infrastructure
Old Sartell Bridge,RouteOfTransportation
Danny Welbeck,Person
Danny Welbeck,Agent
Danny Welbeck,Athlete
Danny Welbeck,SoccerPlayer
Mykolaiv,Place
Mykolaiv,Location
Mykolaiv,City
Mykolaiv,PopulatedPlace
Mykolaiv,Settlement
Kerala State Film Award for Best Singer,
Indian reservation,Place
Kannada language,
Arinze Onuaku,Person
Arinze Onuaku,Agent
Arinze Onuaku,Athlete
Arinze Onuaku,BasketballPlayer
Eric Clapton,Person
Eric Clapton,Agent
Eric Clapton,Artist
Eric Clapton,Band
Eric Clapton,MusicalArtist
Yoshitoshi Mori,Person
Ornette Coleman,Person
Ornette Coleman,Agent
Ornette Coleman,Artist
Ornette Coleman,MusicalArtist
Area of Outstanding Natural Beauty,Place
Red Army,MilitaryUnit
Midtown Manhattan,
NEC Nijmegen,
Zanzibar,Place
Zanzibar,Location
Zanzibar,Country
Zanzibar,PopulatedPlace
Collectivism,Person
Chiwetel Ejiofor,Person
Chiwetel Ejiofor,Agent
Lauaki,
Larisa Neiland,Person
Larisa Neiland,Agent
Larisa Neiland,Athlete
Larisa Neiland,TennisPlayer
Mions,Place
Mions,Location
Mions,PopulatedPlace
Mions,Settlement
Zagreb,Place
Zagreb,Location
Zagreb,City
Zagreb,PopulatedPlace
Zagreb,Settlement
Food and Drug Administration,Agent
Food and Drug Administration,GovernmentAgency
Food and Drug Administration,Organisation
North Fork of the Forked Deer River,Place
North Fork of the Forked Deer River,Location
North Fork of the Forked Deer River,BodyOfWater
North Fork of the Forked Deer River,NaturalPlace
North Fork of the Forked Deer River,River
North Fork of the Forked Deer River,Stream
Klang Valley,Place
Carl Meissner,Person
Queensland,Place
Queensland,Location
Queensland,AdministrativeRegion
Queensland,PopulatedPlace
Queensland,Region
American football,Activity
American football,Sport
Jack Markell,Person
Jack Markell,Agent
Jack Markell,OfficeHolder
Paul Ryan,Person
Paul Ryan,Agent
Paul Ryan,OfficeHolder
Jon Kelley,Person
Perennial plant,Plant
Vararuchi,Person
Salt-N-Pepa,Agent
Salt-N-Pepa,Band
Salt-N-Pepa,Group
Salt-N-Pepa,Organisation
Wilfrid Meynell,Person
Wilfrid Meynell,Agent
Wilfrid Meynell,Journalist
Egyptian Arabic,Language
Doumen District,Place
Doumen District,Location
Doumen District,PopulatedPlace
Doumen District,Settlement
Liberty Bowl,
Great Seljuq Empire,
Menahem ben Saruk,
Justine Henin,Person
Justine Henin,Agent
Justine Henin,Athlete
Justine Henin,TennisPlayer
Old Chinese,Language
Loretta of Sponheim,Person
River Witham,Place
River Witham,Location
River Witham,BodyOfWater
River Witham,NaturalPlace
River Witham,River
River Witham,Stream
2006 AFL season,FootballLeagueSeason
Wellington,Place
Wellington,Location
Wellington,City
Wellington,PopulatedPlace
Wellington,Settlement
Lincoln index,Software
Cambridge University Cricket Club,Agent
Cambridge University Cricket Club,CricketTeam
Cambridge University Cricket Club,Organisation
Cambridge University Cricket Club,SportsTeam
Reading F.C.,Agent
Reading F.C.,Organisation
Reading F.C.,SoccerClub
Reading F.C.,SportsTeam
ATP Masters Series,TelevisionShow
Gabon Navy,
University of Michigan,Agent
University of Michigan,EducationalInstitution
University of Michigan,Organisation
University of Michigan,University
Macedonian Third Football League,Agent
Macedonian Third Football League,Organisation
Macedonian Third Football League,SoccerLeague
Macedonian Third Football League,SoccerTournament
Macedonian Third Football League,SportsLeague
GameCube,Device
GameCube,InformationAppliance
GameCube,VideoGame
Valdas Adamkus,Person
Valdas Adamkus,Agent
Valdas Adamkus,Politician
Valdas Adamkus,President
Sedevacantism,Person
Tale of Heike,
Existentialism,
Thomas Bavin,Person
Thomas Bavin,Agent
Thomas Bavin,OfficeHolder
American Association for the Advancement of Science,Agent
American Association for the Advancement of Science,Non-ProfitOrganisation
American Association for the Advancement of Science,Organisation
Obed River,Place
Obed River,Location
Obed River,BodyOfWater
Obed River,NaturalPlace
Obed River,River
Obed River,Stream
Carlos Fuentes,Person
Carlos Fuentes,Agent
Carlos Fuentes,Writer
Norris Bradbury,Person
Norris Bradbury,Agent
Norris Bradbury,Scientist
Montreal Canadiens,Agent
Montreal Canadiens,HockeyTeam
Montreal Canadiens,Organisation
Montreal Canadiens,SportsTeam
Vaikom Mahadeva Temple,
Toronto,Place
Toronto,Location
Toronto,City
Toronto,PopulatedPlace
Toronto,Settlement
Vienna,Place
Vienna,Location
Vienna,City
Vienna,PopulatedPlace
Vienna,Settlement
Cherry Malone,
Mary Flanagan,Person
Mary Flanagan,Agent
New Woman,
Marius Vasselon,Person
Crore,Organisation
Auburn University,Agent
Auburn University,EducationalInstitution
Auburn University,Organisation
Auburn University,University
Seymour Papert,Person
Seymour Papert,Agent
Seymour Papert,Scientist
African Union,Place
African Union,Location
African Union,Country
African Union,Organisation
African Union,PopulatedPlace
Bengkulu,Place
Bengkulu,Location
Bengkulu,PopulatedPlace
Bengkulu,Settlement
Milwaukee,Place
Milwaukee,Location
Milwaukee,City
Milwaukee,PopulatedPlace
Milwaukee,Settlement
USSR,
Mariuccia Mandelli,Person
Mariuccia Mandelli,Agent
Hendrik Verwoerd,Person
Hendrik Verwoerd,Agent
Hendrik Verwoerd,Politician
Louis J. Salmon,Person
Louis J. Salmon,Agent
Louis J. Salmon,Coach
Louis J. Salmon,CollegeCoach
Cosmic Background Explorer,Place
Cosmic Background Explorer,Location
Cosmic Background Explorer,ArtificialSatellite
Cosmic Background Explorer,CelestialBody
Cosmic Background Explorer,Satellite
National Register of Historic Places,
Balabala,Company
Dutch East Indies,Place
Dutch East Indies,Location
Dutch East Indies,Country
Dutch East Indies,PopulatedPlace
Lahore Ring Road,
The Hellenic Society for Systemic Studies Medal,
Uganda,MusicalArtist
Wozzeck,TelevisionShow
Neoclassical architecture,
PLOTE,
Community Financial Services Association of America,Organisation
Clifton R. Wharton Jr.,Person
Clifton R. Wharton Jr.,Agent
Clifton R. Wharton Jr.,OfficeHolder
Greg Dyke,Person
Greg Dyke,Agent
Pensions in Pakistan,School
Antonina W. Bouis,Person
Wyoming ground squirrel,Animal
Wyoming ground squirrel,Eukaryote
Wyoming ground squirrel,Mammal
Wyoming ground squirrel,Species
Seabrook Beach,
Bo Barrett,Person
Bo Barrett,Agent
The Fairly OddParents,Person
The Fairly OddParents,TelevisionShow
The Fairly OddParents,Work
Toni Basil,Person
Toni Basil,Agent
Ethiopia,Place
Ethiopia,Location
Ethiopia,Country
Ethiopia,PopulatedPlace
Josef Schwarz,Person
Josef Schwarz,Agent
Josef Schwarz,Athlete
Toto language,Language
Kickbacks,
Bidhan Chandra Krishi Viswavidyalaya,Agent
Bidhan Chandra Krishi Viswavidyalaya,EducationalInstitution
Bidhan Chandra Krishi Viswavidyalaya,Organisation
Bidhan Chandra Krishi Viswavidyalaya,University
Haute-Marne,Place
Haute-Marne,Location
Haute-Marne,PopulatedPlace
Haute-Marne,Settlement
Istanbul,Place
Istanbul,Location
Istanbul,City
Istanbul,PopulatedPlace
Istanbul,Settlement
A Man for all Seasons,
Wall Street,Place
Wall Street,Location
Wall Street,ArchitecturalStructure
Wall Street,Infrastructure
Wall Street,Road
Wall Street,RouteOfTransportation
JazzTimes,Magazine
JazzTimes,PeriodicalLiterature
JazzTimes,Work
JazzTimes,WrittenWork
Harvard Medical School,School
Colorado,Place
Colorado,Location
Colorado,AdministrativeRegion
Colorado,PopulatedPlace
Colorado,Region
Ottoman Syria,
Solar panel,
Round One Entertainment,Company
Round One Entertainment,Agent
Round One Entertainment,Organisation
Mentallo and the Fixer,Agent
Mentallo and the Fixer,Band
Mentallo and the Fixer,Group
Mentallo and the Fixer,Organisation
Don Leo Jonathan,Person
Don Leo Jonathan,Agent
Don Leo Jonathan,Athlete
Don Leo Jonathan,Wrestler
White House,Place
White House,Location
White House,ArchitecturalStructure
White House,Building
Mongolia,Place
Mongolia,Location
Mongolia,Country
Mongolia,PopulatedPlace
20th Century Fox,Company
20th Century Fox,Agent
20th Century Fox,Organisation
Early Christianity,Country
Esteghlal F.C.,Agent
Esteghlal F.C.,Organisation
Esteghlal F.C.,SoccerClub
Esteghlal F.C.,SportsTeam
Moritz Abraham Stern,Person
Moritz Abraham Stern,Agent
Moritz Abraham Stern,Scientist
Ashok Leyland,Company
Ashok Leyland,Agent
Ashok Leyland,Organisation
Osteopathic medicine in the United States,Organisation
Intel,Company
Intel,Agent
Intel,Organisation
Muskegon Mohawks,Agent
Muskegon Mohawks,HockeyTeam
Muskegon Mohawks,Organisation
Muskegon Mohawks,SportsTeam
Greater Western Sydney Giants,Agent
Greater Western Sydney Giants,AustralianFootballTeam
Greater Western Sydney Giants,Organisation
Greater Western Sydney Giants,SoccerClub
Greater Western Sydney Giants,SportsTeam
Know-Nothing,
Boeing B-29 Superfortress,Aircraft
Boeing B-29 Superfortress,MeanOfTransportation
Belief,PopulatedPlace
Durham Coast Line,Place
Durham Coast Line,Location
Durham Coast Line,ArchitecturalStructure
Durham Coast Line,Infrastructure
Durham Coast Line,RailwayLine
Durham Coast Line,RouteOfTransportation
Council of Europe,Agent
Council of Europe,Organisation
Metro-Goldwyn-Mayer,Company
Metro-Goldwyn-Mayer,Agent
Metro-Goldwyn-Mayer,Organisation
Trans man,Person
Alessandra Ambrosio,Person
Alessandra Ambrosio,Agent
Alessandra Ambrosio,Model
Playmates Toys,Company
Playmates Toys,Agent
Playmates Toys,Mountain
Playmates Toys,Organisation
Emmy,
Puerto Rico,Place
Puerto Rico,Location
Puerto Rico,Country
Puerto Rico,PopulatedPlace
The Register,Website
The Register,Work
Guadalcanal Campaign,Event
Guadalcanal Campaign,MilitaryConflict
Guadalcanal Campaign,SocietalEvent
Saints Cyril and Methodius,Person
Saints Cyril and Methodius,Agent
Saints Cyril and Methodius,Cleric
Saints Cyril and Methodius,Saint
Vienna Academy of Sciences,
Ongan languages,
Dolvett Quince,
Bromhead baronets,
Satyabhama,Person
Satyabhama,Agent
Satyabhama,FictionalCharacter
Commodity market,Place
Kimonas Xylotympou,Agent
Kimonas Xylotympou,Organisation
Kimonas Xylotympou,SoccerClub
Kimonas Xylotympou,SportsTeam
Constitution of Pakistan,Agent
Employment law,
Croatia national football team,Agent
Croatia national football team,Organisation
Croatia national football team,SoccerClub
Croatia national football team,SportsTeam
SEC Championship Game,VideoGame
Jinzhong,Place
Jinzhong,Location
Jinzhong,City
Jinzhong,PopulatedPlace
Jinzhong,Settlement
Protestantism,
Yugoslav Basketball League,
Major League Baseball,Agent
Major League Baseball,BaseballLeague
Major League Baseball,Organisation
Major League Baseball,SportsLeague
Paradise Island,Island
HarperCollins,Company
HarperCollins,Publisher
HarperCollins,Agent
HarperCollins,Organisation
David Dhawan,Person
David Dhawan,Agent
Sony Pictures Home Entertainment,Company
Sony Pictures Home Entertainment,Agent
Sony Pictures Home Entertainment,Organisation
Edwin B. Crocker,Person
Edwin B. Crocker,Agent
Puerto Rican amazon,Animal
Puerto Rican amazon,Bird
Puerto Rican amazon,Eukaryote
Puerto Rican amazon,Species
Dakota Access Pipeline,
Henrique de Carvalho Airport,Place
Henrique de Carvalho Airport,Location
Henrique de Carvalho Airport,Airport
Henrique de Carvalho Airport,ArchitecturalStructure
Henrique de Carvalho Airport,Infrastructure
Poland,Place
Poland,Location
Poland,Country
Poland,MusicalArtist
Poland,PopulatedPlace
COBOL,Language
COBOL,ProgrammingLanguage
Non-maskable interrupt,Company
Usenet,Insect
Macroeconomics,Organisation
Remington Arms,Company
Remington Arms,Agent
Remington Arms,Organisation
Ilava,Place
Ilava,Location
Ilava,PopulatedPlace
Ilava,Settlement
Mark Fiore,Person
Mark Fiore,Agent
Mark Fiore,Artist
Mark Fiore,ComicsCreator
Super Bowl XL,VideoGame
Irish Republican Army,
French horn,Agent
January 13,School
Clapton F.C.,Agent
Clapton F.C.,Organisation
Clapton F.C.,SoccerClub
Clapton F.C.,SportsTeam
Georgia Platform,
Prix Marcel Boussac,Band
Prix Marcel Boussac,Event
Prix Marcel Boussac,HorseRace
Prix Marcel Boussac,Race
Prix Marcel Boussac,SocietalEvent
Prix Marcel Boussac,SportsEvent
Unrelated,Film
Unrelated,Wikidata:Q11424
Unrelated,Work
David Coulthard,Person
David Coulthard,Agent
David Coulthard,Athlete
David Coulthard,FormulaOneRacer
David Coulthard,MotorsportRacer
David Coulthard,RacingDriver
Google Maps,Company
Google Maps,Agent
Google Maps,Organisation
Spain,Place
Spain,Location
Spain,Country
Spain,PopulatedPlace
Athens,Place
Athens,Location
Athens,AdministrativeRegion
Athens,PopulatedPlace
Athens,Region
Athens,Settlement
French Navy,Agent
French Navy,MilitaryUnit
French Navy,Organisation
Swindon,Place
Swindon,Location
Swindon,PopulatedPlace
Swindon,Settlement
Ogun State,Place
Ogun State,Location
Ogun State,PopulatedPlace
Ogun State,Settlement
Alexandru Paleologu,Person
American Academy of Ophthalmology,Agent
American Academy of Ophthalmology,Organisation
Ngorongoro National Park,
United States Senate,Agent
United States Senate,Legislature
United States Senate,Organisation
European Parliament,Agent
European Parliament,Legislature
European Parliament,Organisation
Jackie Jensen,Person
Jackie Jensen,Agent
Jackie Jensen,Athlete
Jackie Jensen,BaseballPlayer
Taliesin,Person
Seattle,Place
Seattle,Location
Seattle,City
Seattle,PopulatedPlace
Seattle,Settlement
Wittenberg,Place
Wittenberg,Location
Wittenberg,City
Wittenberg,PopulatedPlace
Wittenberg,Settlement
Wittenberg,Town
God,
Tokyo,Place
Tokyo,Location
Tokyo,City
Tokyo,PopulatedPlace
Tokyo,Settlement
New York State Department of Transportation,Agent
New York State Department of Transportation,GovernmentAgency
New York State Department of Transportation,Organisation
New York State Department of Transportation,Settlement
Henrietta Szold,Person
Henrietta Szold,Agent
Inigo Jones,Person
Inigo Jones,Agent
Inigo Jones,Architect
Marylebone Cricket Club,Agent
Marylebone Cricket Club,CricketTeam
Marylebone Cricket Club,Organisation
Marylebone Cricket Club,SoccerClub
Marylebone Cricket Club,SportsTeam
Florentine biscuit,Food
Glenelg Football Club,Agent
Glenelg Football Club,AustralianFootballTeam
Glenelg Football Club,Organisation
Glenelg Football Club,SportsTeam
Teleu,
Atollon,
Illinois,Place
Illinois,Location
Illinois,AdministrativeRegion
Illinois,PopulatedPlace
Illinois,Region
London Knights,Agent
London Knights,HockeyTeam
London Knights,Organisation
London Knights,SportsTeam
Buddhism,EthnicGroup
Companion of The Most Honourable Order of the Bath,
Stay-behind,
Kenora,Place
Kenora,Location
Kenora,City
Kenora,PopulatedPlace
Kenora,Settlement
Hanif Kureishi,Person
Hanif Kureishi,Agent
Hanif Kureishi,Writer
Hungary,Place
Hungary,Location
Hungary,Country
Hungary,PopulatedPlace
Robert Wrenn,Person
Robert Wrenn,Agent
Robert Wrenn,Athlete
Robert Wrenn,TennisPlayer
United States Department of War,Agent
United States Department of War,GovernmentAgency
United States Department of War,Organisation
Polish-Soviet War,
Neighborhood Playhouse School of the Theatre,Agent
Neighborhood Playhouse School of the Theatre,Organisation
Neighborhood Playhouse School of the Theatre,University
New South Wales Legislative Council,Agent
New South Wales Legislative Council,Legislature
New South Wales Legislative Council,Organisation
Basket Napoli,Agent
Basket Napoli,BasketballTeam
Basket Napoli,Organisation
Basket Napoli,SoccerClub
Basket Napoli,SportsTeam
Bernardo Bertolucci,Person
Bernardo Bertolucci,Agent
Hof International Film Festival,Convention
Hof International Film Festival,Event
Hof International Film Festival,SocietalEvent
List of islands of Greece,
Vermont Public Service Board,Organisation
Partition of India,AnatomicalStructure
Jayda Fransen,Person
Jayda Fransen,Agent
Jayda Fransen,OfficeHolder
Kildare,Place
Kildare,Location
Kildare,PopulatedPlace
Kildare,Settlement
Kildare,Town
One-party state,PopulatedPlace
WBTV,Agent
WBTV,Broadcaster
WBTV,Organisation
WBTV,Station
WBTV,TelevisionStation
King Arthur,Person
Nobel Prize in Literature,Award
Bobby Jindal,Person
Bobby Jindal,Agent
Bobby Jindal,OfficeHolder
Champions Hockey League,Agent
Champions Hockey League,IceHockeyLeague
Champions Hockey League,Organisation
Champions Hockey League,SportsLeague
Champions Hockey League,Tournament
Tisch School of the Arts,Agent
Tisch School of the Arts,Building
Tisch School of the Arts,EducationalInstitution
Tisch School of the Arts,Organisation
Tisch School of the Arts,University
Jerry Kasenetz,Person
Jerry Kasenetz,Agent
Jerry Kasenetz,Artist
Jerry Kasenetz,MusicalArtist
IK Frej,Agent
IK Frej,Organisation
IK Frej,SoccerClub
IK Frej,SportsTeam
Nash equilibrium,
Ring of Honor,Company
Ring of Honor,Agent
Ring of Honor,Organisation
Stephen Bayly,Person
Stephen Bayly,Agent
Adolph Green,Person
Adolph Green,Agent
Boy Scout,
Yugoslavia,MusicalArtist
Australian,
Big 12 Conference,SocietalEvent
2011 Chinese FA Cup,Event
2011 Chinese FA Cup,SoccerTournament
2011 Chinese FA Cup,SocietalEvent
2011 Chinese FA Cup,SportsEvent
2011 Chinese FA Cup,Tournament
Boxing,Person
Toyota Corolla,Automobile
Toyota Corolla,MeanOfTransportation
Tyler Spencer,Person
Tyler Spencer,Agent
Tyler Spencer,Artist
Tyler Spencer,MusicalArtist
Albemarle Corporation,Company
Albemarle Corporation,Agent
Albemarle Corporation,Organisation
Wright Junior College,
National Ski Hall of Fame,Place
National Ski Hall of Fame,Location
National Ski Hall of Fame,ArchitecturalStructure
National Ski Hall of Fame,Building
Central Asia,Settlement
Chuvash Republic,
Yale School of Drama,School
Yale School of Drama,Agent
Yale School of Drama,EducationalInstitution
Yale School of Drama,Organisation
Yale School of Drama,University
Terneuzen,Place
Terneuzen,Location
Terneuzen,City
Terneuzen,PopulatedPlace
Terneuzen,Settlement
Heinz London,Person
Heinz London,Agent
Heinz London,Scientist
Major,Plant
Nakhon Ratchasima Province,Place
Nakhon Ratchasima Province,Location
Nakhon Ratchasima Province,PopulatedPlace
Nakhon Ratchasima Province,Settlement
Petroleum,
Baylor University,Agent
Baylor University,EducationalInstitution
Baylor University,Organisation
Baylor University,University
Xbox,Company
Brazilian Social Democracy Party,Agent
Brazilian Social Democracy Party,Organisation
Brazilian Social Democracy Party,PoliticalParty
University of Southern California,Agent
University of Southern California,EducationalInstitution
University of Southern California,Organisation
University of Southern California,University
Tipton,Place
Tipton,Location
Tipton,PopulatedPlace
Tipton,Settlement
River delta,NaturalPlace
Churu district,Settlement
Nitrile rubber,ChemicalCompound
Nitrile rubber,ChemicalSubstance
Burton-upon-Trent,
Lisbon,Place
Lisbon,Location
Lisbon,Settlement
Bristol Cars,Company
Bristol Cars,Agent
Bristol Cars,Organisation
Bluemantle Pursuivant,Person
Last of the Summer Wine,TelevisionShow
Last of the Summer Wine,Work
Cronulla Sharks,
Oakland Athletics,Agent
Oakland Athletics,BaseballTeam
Oakland Athletics,Organisation
Oakland Athletics,SportsTeam
Thank You for Being a Friend,MusicalWork
Thank You for Being a Friend,Single
Thank You for Being a Friend,Work
Northern Ireland,Organisation
Adolf Dethmann,Person
Planet Snoopy,TelevisionShow
Canadian University College,
National Association of Professional Baseball Players,
Second East Turkestan Republic,Person
Second East Turkestan Republic,Place
Second East Turkestan Republic,Location
Second East Turkestan Republic,Country
Second East Turkestan Republic,PopulatedPlace
Leo Tolstoy,Person
Leo Tolstoy,Agent
Leo Tolstoy,Writer
Methanobacterium,Archaea
Methanobacterium,Species
Wolseley Motors,Company
Wolseley Motors,Agent
Wolseley Motors,Organisation
The State Botanical Garden of Georgia,Place
The State Botanical Garden of Georgia,Location
The State Botanical Garden of Georgia,Garden
Iris schachtii,Eukaryote
Iris schachtii,Plant
Iris schachtii,Species
Rosyth,Place
Rosyth,Location
Rosyth,PopulatedPlace
Rosyth,Settlement
US Navy,
Rudbar,Place
Rudbar,Location
Rudbar,City
Rudbar,PopulatedPlace
Rudbar,Settlement
Robert Zemeckis,Person
Robert Zemeckis,Agent
James Counsilman,Person
James Counsilman,Agent
James Counsilman,Coach
James Counsilman,CollegeCoach
James Counsilman,Swimmer
Battle of Dak To,Event
Battle of Dak To,MilitaryConflict
Battle of Dak To,SocietalEvent
Battle of Dak To,TelevisionShow
UCI Track World Championships,
Garden House riot,Disease
Marquise Hill,Person
Marquise Hill,Agent
Marquise Hill,AmericanFootballPlayer
Marquise Hill,Athlete
Marquise Hill,GridironFootballPlayer
Corten,
Jervis shopping centre,
